{
  "num_classes": [
    2,
    6,
    10,
    14,
    18,
    22,
    26,
    30,
    34,
    38,
    42,
    46,
    50,
    54,
    58,
    62
  ],
  "acc": [
    1.0,
    1.0,
    1.0,
    1.0,
    1.0,
    1.0,
    1.0,
    1.0,
    1.0,
    1.0,
    1.0,
    0.9130434782608695,
    1.0,
    0.9444444444444444,
    0.9827586206896551,
    0.967741935483871
  ],
  "probs": [
    [
      0.11377328634262085,
      0.4293362498283386
    ],
    [
      0.0875144675374031,
      0.5276666283607483,
      0.7090429663658142,
      0.8187345266342163,
      0.9855898022651672,
      0.9165167212486267
    ],
    [
      0.7024299502372742,
      0.6165288090705872,
      0.8023460507392883,
      0.8707006573677063,
      0.9739616513252258,
      0.9391629099845886,
      0.9578977823257446,
      0.9835312366485596,
      0.02961297705769539,
      0.9705101251602173
    ],
    [
      0.05617871135473251,
      0.5249122977256775,
      0.8677511215209961,
      0.8709170818328857,
      0.9880549311637878,
      0.9874273538589478,
      0.9622882008552551,
      0.9821157455444336,
      0.8583117723464966,
      0.9747753739356995,
      0.4538610279560089,
      0.9163530468940735,
      0.2821546792984009,
      0.5381090044975281
    ],
    [
      0.3200772702693939,
      0.6838359236717224,
      0.9222827553749084,
      0.7056794762611389,
      0.9654843807220459,
      0.9766844511032104,
      0.94484543800354,
      0.9795565605163574,
      0.05259481444954872,
      0.9769408106803894,
      0.4164678454399109,
      0.9855898022651672,
      0.3088855743408203,
      0.5207843780517578,
      0.8488426804542542,
      0.3650566637516022,
      0.8684943318367004,
      0.6465395092964172
    ],
    [
      0.4187123775482178,
      0.6366746425628662,
      0.8197708129882812,
      0.6768481731414795,
      0.9859494566917419,
      0.9673922061920166,
      0.9683545827865601,
      0.991134762763977,
      0.39813536405563354,
      0.6386187076568604,
      0.5595312118530273,
      0.8252542018890381,
      0.2959727644920349,
      0.9259608387947083,
      0.7954767942428589,
      0.20019282400608063,
      0.7910127639770508,
      0.527199387550354,
      0.9973998069763184,
      0.7313891649246216,
      0.8419597148895264,
      0.9135773777961731
    ],
    [
      0.36900168657302856,
      0.5253875851631165,
      0.5897558927536011,
      0.8726468086242676,
      0.9865222573280334,
      0.9845808148384094,
      0.9635261297225952,
      0.9723214507102966,
      0.8988751769065857,
      0.18520289659500122,
      0.6930103302001953,
      0.7482228875160217,
      0.2661072909832001,
      0.8544157147407532,
      0.7384092807769775,
      0.12689512968063354,
      0.39963221549987793,
      0.47792768478393555,
      0.9687707424163818,
      0.5082318782806396,
      0.8817541003227234,
      0.8347886800765991,
      0.8115497827529907,
      0.9355742931365967,
      0.9334794878959656,
      0.9461445212364197
    ],
    [
      0.7021526098251343,
      0.8230245113372803,
      0.6962575316429138,
      0.9199906587600708,
      0.9697790145874023,
      0.985151469707489,
      0.9748013019561768,
      0.9864374399185181,
      0.9502566456794739,
      0.9774762988090515,
      0.8965941071510315,
      0.7330846190452576,
      0.2513844668865204,
      0.8910825848579407,
      0.7689924240112305,
      0.7223147749900818,
      0.6094329357147217,
      0.6323375105857849,
      0.9956383109092712,
      0.3663727939128876,
      0.8198032379150391,
      0.8791925311088562,
      0.8552939295768738,
      0.9176551699638367,
      0.9703298211097717,
      0.9783570170402527,
      0.24104173481464386,
      0.7999051809310913,
      0.9924887418746948,
      0.7550548315048218
    ],
    [
      0.7024688720703125,
      0.8881315588951111,
      0.9012991189956665,
      0.948677659034729,
      0.9924349188804626,
      0.9928802847862244,
      0.9861926436424255,
      0.9915820956230164,
      0.9756396412849426,
      0.6491086483001709,
      0.7771489024162292,
      0.9834251999855042,
      0.418915718793869,
      0.9637753367424011,
      0.864041805267334,
      0.918299674987793,
      0.9210094809532166,
      0.7825635671615601,
      0.9971824884414673,
      0.6670964956283569,
      0.9456279873847961,
      0.8851534128189087,
      0.9873945713043213,
      0.9797067642211914,
      0.995319664478302,
      0.972309410572052,
      0.44530346989631653,
      0.9811469316482544,
      0.9859552979469299,
      0.7771414518356323,
      0.978750467300415,
      0.9881814122200012,
      0.961835503578186,
      0.14971359074115753
    ],
    [
      0.4811195433139801,
      0.9862484335899353,
      0.6580560803413391,
      0.7142163515090942,
      0.9809423685073853,
      0.9950077533721924,
      0.9722287058830261,
      0.9881814122200012,
      0.9671052694320679,
      0.9882258176803589,
      0.6675577163696289,
      0.6766183972358704,
      0.8550121784210205,
      0.8127318024635315,
      0.8539165258407593,
      0.8810557723045349,
      0.6693621873855591,
      0.5269606709480286,
      0.9921873807907104,
      0.5650132298469543,
      0.9308028817176819,
      0.9064082503318787,
      0.9318282008171082,
      0.9735779166221619,
      0.9799823760986328,
      0.9707602262496948,
      0.358757346868515,
      0.9701143503189087,
      0.989528238773346,
      0.7070255875587463,
      0.9722496867179871,
      0.9090121984481812,
      0.10036204010248184,
      0.9904704093933105,
      0.9893966317176819,
      0.9446269869804382,
      0.9708422422409058,
      0.8102487325668335
    ],
    [
      0.7440662980079651,
      0.8457192182540894,
      0.806556224822998,
      0.419145792722702,
      0.9767862558364868,
      0.9851663708686829,
      0.9497762322425842,
      0.9730609655380249,
      0.08151963353157043,
      0.9776845574378967,
      0.6734411120414734,
      0.836966335773468,
      0.2205275297164917,
      0.722288966178894,
      0.824280858039856,
      0.9785011410713196,
      0.665412962436676,
      0.5500785708427429,
      0.9719600081443787,
      0.2567489743232727,
      0.9065026640892029,
      0.860929012298584,
      0.9564955234527588,
      0.9774511456489563,
      0.975879430770874,
      0.9752217531204224,
      0.4431948661804199,
      0.6893043518066406,
      0.9886541366577148,
      0.506895124912262,
      0.9238771796226501,
      0.8852701783180237,
      0.44994261860847473,
      0.23260553181171417,
      0.9215725064277649,
      0.08642701804637909,
      0.1331309676170349,
      0.9647469520568848,
      0.920403778553009,
      0.9795868992805481,
      0.22515332698822021,
      0.8897698521614075
    ],
    [
      0.4287818670272827,
      0.7363011240959167,
      0.8809295296669006,
      0.8782309293746948,
      0.971218466758728,
      0.9945122003555298,
      0.9461296796798706,
      0.9801889657974243,
      0.04660330340266228,
      0.10921511054039001,
      0.7040243744850159,
      0.7222051620483398,
      0.16299350559711456,
      0.6697510480880737,
      0.8565646409988403,
      0.3893970549106598,
      0.35801830887794495,
      0.6248558759689331,
      0.9869863390922546,
      0.5392259955406189,
      0.9078066349029541,
      0.8413354158401489,
      0.8620300889015198,
      0.9392374753952026,
      0.976982831954956,
      0.9355058670043945,
      0.2524590492248535,
      0.8273530006408691,
      0.9858317375183105,
      0.40787655115127563,
      0.9277892112731934,
      0.3030466139316559,
      0.8569034934043884,
      0.35473179817199707,
      0.9124837517738342,
      0.9086811542510986,
      0.05093398317694664,
      0.8437842130661011,
      0.4538383483886719,
      0.9755796194076538,
      0.8786085247993469,
      0.9042369723320007,
      0.9629776477813721,
      0.31035467982292175,
      0.4358992874622345,
