{"num_classes": [2, 6, 10, 14, 18, 22, 26, 30, 34, 38, 42, 46, 50, 54, 58, 62], "acc": [1.0, 1.0, 1.0, 1.0, 1.0, 1.0, 0.9230769230769231, 0.8666666666666667, 0.9705882352941176, 0.8947368421052632, 1.0, 0.9782608695652174, 0.96, 1.0, 0.7068965517241379, 1.0], "probs": [[0.29495349526405334, 0.965752124786377], [0.8851462602615356, 0.846563994884491, 0.2076963484287262, 0.6552072167396545, 0.9931216835975647, 0.7869916558265686], [0.6480899453163147, 0.8877029418945312, 0.5221849679946899, 0.7249283790588379, 0.9344870448112488, 0.9635934233665466, 0.8777587413787842, 0.5452879071235657, 0.44196608662605286, 0.1218370869755745], [0.7881273627281189, 0.7770286798477173, 0.21706056594848633, 0.2930108606815338, 0.8946835994720459, 0.9453319311141968, 0.8865371942520142, 0.8479506373405457, 0.3505539894104004, 0.37077006697654724, 0.7898289561271667, 0.7367780208587646, 0.6914965510368347, 0.6155685782432556], [0.6476007699966431, 0.9238702654838562, 0.45106804370880127, 0.3086240887641907, 0.9194673895835876, 0.8521615266799927, 0.8948132991790771, 0.8613371253013611, 0.3836019039154053, 0.08159751445055008, 0.47539520263671875, 0.8800314664840698, 0.8652807474136353, 0.7665541768074036, 0.8643977046012878, 0.6521496772766113, 0.6425355672836304, 0.7944468259811401], [0.9085471630096436, 0.8241518139839172, 0.7547770738601685, 0.5695282220840454, 0.719567060470581, 0.9089403748512268, 0.8294535279273987, 0.8306443095207214, 0.8398418426513672, 0.15380266308784485, 0.5240970849990845, 0.8099935054779053, 0.838796854019165, 0.8693807721138, 0.8405479192733765, 0.5739295482635498, 0.5341549515724182, 0.867027997970581, 0.8681153059005737, 0.6575472354888916, 0.19206207990646362, 0.4041610360145569], [0.5379697680473328, 0.6505837440490723, 0.6112634539604187, 0.669952392578125, 0.9758362174034119, 0.8480823636054993, 0.7882647514343262, 0.5237221717834473, 0.7780071496963501, 0.1127256378531456, 0.4528390169143677, 0.7736213803291321, 0.7324557304382324, 0.7273849844932556, 0.8511480689048767, 0.36515769362449646, 0.6430885195732117, 0.9021275639533997, 0.8364328742027283, 0.34434765577316284, 0.45187780261039734, 0.46008825302124023, 0.8565229177474976, 0.8427176475524902, 0.7322883009910583, 0.9143385291099548], [0.39087188243865967, 0.79256272315979, 0.3804813325405121, 0.33196982741355896, 0.9622951745986938, 0.3989882469177246, 0.8557223081588745, 0.8270462155342102, 0.8119038343429565, 0.1670248955488205, 0.48855042457580566, 0.6691352128982544, 0.5812430381774902, 0.7702042460441589, 0.8766192197799683, 0.9145019054412842, 0.38510337471961975, 0.9338075518608093, 0.7108299136161804, 0.2598913609981537, 0.7419402003288269, 0.5561413168907166, 0.7061226963996887, 0.8685024380683899, 0.7535346150398254, 0.6500270366668701, 0.8526531457901001, 0.5752678513526917, 0.7185205817222595, 0.797106921672821], [0.7072207927703857, 0.9158567786216736, 0.4197261929512024, 0.3631659150123596, 0.9691697359085083, 0.6094298362731934, 0.9393895864486694, 0.6448224782943726, 0.624516487121582, 0.1953497678041458, 0.6559829115867615, 0.7654329538345337, 0.3976682424545288, 0.6468818783760071, 0.8211756944656372, 0.7613319158554077, 0.708629310131073, 0.946402907371521, 0.7089458703994751, 0.2575421631336212, 0.7306541204452515, 0.560308039188385, 0.821453869342804, 0.5452572107315063, 0.7496145963668823, 0.6951513886451721, 0.9484618306159973, 0.8247172236442566, 0.92875736951828, 0.7115629315376282, 0.8090398907661438, 0.21416671574115753, 0.971625804901123, 0.8839715719223022], [0.5217645764350891, 0.8513686060905457, 0.4696556031703949, 0.7213417291641235, 0.9791198968887329, 0.5704987645149231, 0.8302568197250366, 0.7117440700531006, 0.7116421461105347, 0.7200801968574524, 0.34157171845436096, 0.620079755783081, 0.23763179779052734, 0.6916881203651428, 0.7865119576454163, 0.8358731269836426, 0.17491450905799866, 0.8914958834648132, 0.7686761617660522, 0.34462329745292664, 0.7971776723861694, 0.37101081013679504, 0.870259702205658, 0.29208138585090637, 0.8819075226783752, 0.7230070233345032, 0.8750574588775635, 0.32847413420677185, 0.7247162461280823, 0.6680392622947693, 0.9230383038520813, 0.15028826892375946, 0.7359732389450073, 0.8570605516433716, 0.818277895450592, 0.7790323495864868, 0.6937177181243896, 0.92877596616745], [0.7287080883979797, 0.8940148949623108, 0.7179908752441406, 0.5684884190559387, 0.9479823112487793, 0.852920413017273, 0.7357171177864075, 0.8248163461685181, 0.7972112894058228, 0.10567376017570496, 0.8212792873382568, 0.6740277409553528, 0.7402985095977783, 0.8687552809715271, 0.689540445804596, 0.926267683506012, 0.8777256011962891, 0.9427759051322937, 0.8230348825454712, 0.2987060844898224, 0.6221875548362732, 0.7684529423713684, 0.8095250725746155, 0.5086819529533386, 0.958121657371521, 0.9029425382614136, 0.9484638571739197, 0.9633820652961731, 0.8638466000556946, 0.9039163589477539, 0.9473049640655518, 0.9480907320976257, 0.9285326600074768, 0.7743409276008606, 0.9147661924362183, 0.7737182974815369, 0.7483939528465271, 0.8212763667106628, 0.9347284436225891, 0.984853982925415, 0.8953803181648254, 0.8622528314590454], [0.649433434009552, 0.6211698651313782, 0.7567735910415649, 0.4204624593257904, 0.9155130386352539, 0.8887356519699097, 0.7254934310913086, 0.6220829486846924, 0.4890860915184021, 0.17113594710826874, 0.819584846496582, 0.7522668838500977, 0.8095861673355103, 0.7711257934570312, 0.7802834510803223, 0.5657570362091064, 0.5858055949211121, 0.8992081880569458, 0.8090271353721619, 0.685270369052887, 0.5504812598228455, 0.6315498948097229, 0.8022316098213196, 0.407062292098999, 0.7863005995750427, 0.8961328268051147, 0.9422607421875, 0.9433127641677856, 0.879001259803772, 0.6658063530921936, 0.8509230017662048, 0.9652009606361389, 0.9300537705421448, 0.8124344944953918, 0.879874587059021, 0.719055712223053, 0.6169246435165405, 0.9149118661880493, 0.8955546021461487, 0.9491044878959656, 0.8605557680130005, 0.8806423544883728, 0.9766497611999512, 0.6887531280517578, 0.7876192331314087, 0.9545140266418457], [0.5624980926513672, 0.764254093170166, 0.4432550072669983, 0.5967491865158081, 0.933542788028717, 0.8837487101554871, 0.8483797907829285, 0.5696548819541931, 0.4282202124595642, 0.13278228044509888, 0.6779098510742188, 0.361700177192688, 0.5566695928573608, 0.38624197244644165, 0.862342357635498, 0.8514962196350098, 0.12611332535743713, 0.6336169242858887, 0.7334750294685364, 0.36293426156044006, 0.5787755846977234, 0.5519039034843445, 0.8211274743080139, 0.7379277348518372, 0.8447191119194031, 0.8771844506263733, 0.9018971920013428, 0.7760115265846252, 0.8539246916770935, 0.8556748032569885, 0.9557164311408997, 0.8409832715988159, 0.9314591884613037, 0.7108020782470703, 0.9180644154548645, 0.8359671831130981, 0.5749807357788086, 0.8879117965698242, 0.6848737597465515, 0.7872753739356995, 0.8925522565841675, 0.9038674235343933, 0.9645277857780457, 0.8982706069946289, 0.548298180103302, 0.9657567739486694, 0.9208858609199524, 0.9308644533157349, 0.9591954350471497, 0.8841374516487122], [0.7694437503814697, 0.897728443145752, 0.7312471866607666, 0.6090071797370911, 0.7695870399475098, 0.9281195402145386, 0.7993312478065491, 0.7669021487236023, 0.7915443181991577, 0.5502402782440186, 0.6600924730300903, 0.632159948348999, 0.6347111463546753, 0.8477941751480103, 0.9340137243270874, 0.9208980798721313, 0.2907053232192993, 0.9221265316009521, 0.664384663105011, 0.8588072657585144, 0.8833754062652588, 0.6100683808326721, 0.8707592487335205, 0.5447525382041931, 0.9734256863594055, 0.8590367436408997, 0.8713811635971069, 0.739643394947052, 0.8949543833732605, 0.925146758556366, 0.9547772407531738, 0.9354326128959656, 0.6370205879211426, 0.7645453810691833, 0.9475131630897522, 0.9204041957855225, 0.8861084580421448, 0.8595249056816101, 0.9603040218353271, 0.9458957314491272, 0.8387385010719299, 0.875810980796814, 0.9694669246673584, 0.9076653718948364, 0.9331662058830261, 0.9357173442840576, 0.8866826295852661, 0.9227865934371948, 