{"num_classes": [2, 10, 18, 26, 34, 42, 50, 58], "acc": [1.0, 1.0, 1.0, 1.0, 0.9411764705882353, 0.8571428571428571, 0.82, 0.3103448275862069], "probs": [[0.0603916309773922, 0.9160053133964539], [0.10816782712936401, 0.8806109428405762, 0.5739452242851257, 0.6130678653717041, 0.6561916470527649, 0.8216663599014282, 0.7253118753433228, 0.4922339618206024, 0.421315461397171, 0.07563485205173492], [0.47856107354164124, 0.6657607555389404, 0.7606902718544006, 0.5069078207015991, 0.7233797907829285, 0.5787032246589661, 0.7324325442314148, 0.2890682816505432, 0.11552849411964417, 0.780881941318512, 0.6862244606018066, 0.38614171743392944, 0.5429971218109131, 0.29353007674217224, 0.6780592799186707, 0.5554091930389404, 0.7019902467727661, 0.15490736067295074], [0.37846639752388, 0.7075581550598145, 0.5730911493301392, 0.71661776304245, 0.8084959387779236, 0.5856901407241821, 0.7539506554603577, 0.3197909891605377, 0.43795493245124817, 0.119341179728508, 0.8255110383033752, 0.803628146648407, 0.6997465491294861, 0.7057292461395264, 0.6282716989517212, 0.5381372570991516, 0.49598240852355957, 0.657020628452301, 0.6162863969802856, 0.32939523458480835, 0.5539354085922241, 0.38663309812545776, 0.7215099930763245, 0.648432731628418, 0.6609035134315491, 0.5114238858222961], [0.7316805720329285, 0.8602467179298401, 0.40200579166412354, 0.3936425745487213, 0.7638357877731323, 0.4253588318824768, 0.7159453630447388, 0.6621488928794861, 0.7720929980278015, 0.13517189025878906, 0.6614190936088562, 0.6617053151130676, 0.17597080767154694, 0.8041307330131531, 0.6488821506500244, 0.5781723856925964, 0.5886011719703674, 0.12886536121368408, 0.14738288521766663, 0.46216830611228943, 0.33453676104545593, 0.6092963814735413, 0.7539467215538025, 0.20407581329345703, 0.36640796065330505, 0.5854234099388123, 0.4886767864227295, 0.3196638822555542, 0.6457401514053345, 0.6254016757011414, 0.6712474822998047, 0.37671443819999695, 0.28682562708854675, 0.2530450224876404], [0.6732416749000549, 0.4347498416900635, 0.44942352175712585, 0.3431844711303711, 0.8440473675727844, 0.5591632723808289, 0.31062111258506775, 0.7519073486328125, 0.5688625574111938, 0.3168877363204956, 0.8254249691963196, 0.6200205087661743, 0.24712572991847992, 0.40739667415618896, 0.5277040004730225, 0.26237553358078003, 0.7322619557380676, 0.6657012701034546, 0.40124571323394775, 0.6235784292221069, 0.4576072096824646, 0.6025547385215759, 0.43707358837127686, 0.3667135536670685, 0.19669318199157715, 0.6574080586433411, 0.6476351022720337, 0.7262492179870605, 0.08120764046907425, 0.6063989400863647, 0.5541417002677917, 0.6343264579772949, 0.7532665133476257, 0.33560237288475037, 0.7253243923187256, 0.10600399225950241, 0.22851701080799103, 0.2132686972618103, 0.5453794598579407, 0.2948056161403656, 0.665847659111023, 0.20437084138393402], [0.2511102855205536, 0.22700347006320953, 0.46810978651046753, 0.5351283550262451, 0.33663785457611084, 0.44279128313064575, 0.3898899257183075, 0.16750851273536682, 0.3599456250667572, 0.1284862756729126, 0.15059851109981537, 0.6755662560462952, 0.6558388471603394, 0.708262026309967, 0.6249858736991882, 0.5422974824905396, 0.437655508518219, 0.24074144661426544, 0.2227049618959427, 0.4017511010169983, 0.3594626188278198, 0.31296831369400024, 0.692427396774292, 0.3341711163520813, 0.21761348843574524, 0.42688167095184326, 0.32355159521102905, 0.13349880278110504, 0.7410832047462463, 0.5067839026451111, 0.5495196580886841, 0.12121771275997162, 0.38249608874320984, 0.13711002469062805, 0.4640190005302429, 0.5471131801605225, 0.3156537711620331, 0.7983298301696777, 0.29419463872909546, 0.5763961672782898, 0.3758328855037689, 0.3442111015319824, 0.14167973399162292, 0.566152036190033, 0.28052082657814026, 0.6758648753166199, 0.3214578330516815, 0.7124128937721252, 0.4180346131324768, 0.3342941701412201], [0.16163218021392822, 0.04768676310777664, 0.14074021577835083, 0.25892922282218933, 0.4359007477760315, 0.33647650480270386, 0.4621765613555908, 0.03507987782359123, 0.06190727278590202, 0.12521544098854065, 0.11293721944093704, 0.28934845328330994, 0.16622884571552277, 0.13888874650001526, 0.4442639648914337, 0.13734140992164612, 0.41219401359558105, 0.05692229047417641, 0.09512541443109512, 0.11192344129085541, 0.344833105802536, 0.21394288539886475, 0.23777635395526886, 0.07681936025619507, 0.08793707191944122, 0.10435735434293747, 0.11409115791320801, 0.17987309396266937, 0.11656929552555084, 0.07724159955978394, 0.3887312114238739, 0.10748110711574554, 0.061702508479356766, 0.14726002514362335, 0.3499634563922882, 0.20745693147182465, 0.1638486236333847, 0.11966980248689651, 0.08130191266536713, 0.09474197775125504, 0.05163028463721275, 0.07824305444955826, 0.08785071969032288, 0.1007523238658905, 0.06456325948238373, 0.10215242207050323, 0.051760684698820114, 0.06238783150911331, 0.22103215754032135, 0.11239676922559738, 0.05996942147612572, 0.0722411498427391, 0.06706537306308746, 0.039282821118831635, 0.054400231689214706, 0.12646856904029846, 0.11490850895643234, 0.027277028188109398]], "epochs": [74, 690, 577, 1603, 5000, 5000, 5000, 5000]}