{"num_classes": [2, 10, 18, 26, 34, 42, 50, 58], "acc": [1.0, 1.0, 1.0, 1.0, 1.0, 0.9523809523809523, 0.8, 0.8620689655172413], "probs": [[0.07307299226522446, 0.7329455614089966], [0.7682427167892456, 0.8913230895996094, 0.564622700214386, 0.8132685422897339, 0.7893412113189697, 0.6646726727485657, 0.9216620922088623, 0.645561158657074, 0.5846145749092102, 0.13445249199867249], [0.5621480941772461, 0.7778887152671814, 0.5680513381958008, 0.6618580222129822, 0.8559389114379883, 0.7997718453407288, 0.7960568070411682, 0.32155144214630127, 0.3657229244709015, 0.18629997968673706, 0.5837993621826172, 0.49973300099372864, 0.2686070203781128, 0.25522011518478394, 0.6773082613945007, 0.6958193778991699, 0.38748401403427124, 0.27565494179725647], [0.8352296948432922, 0.9169442057609558, 0.7310701012611389, 0.8164354562759399, 0.754848301410675, 0.7695544958114624, 0.8309189677238464, 0.11466144025325775, 0.5350484251976013, 0.100346639752388, 0.8227949142456055, 0.6340005993843079, 0.49392420053482056, 0.7670319676399231, 0.7089236974716187, 0.5777413249015808, 0.33946216106414795, 0.6647402048110962, 0.6692262291908264, 0.6010094285011292, 0.8284974694252014, 0.6640439629554749, 0.6057929992675781, 0.6399074196815491, 0.7942051887512207, 0.6725054979324341], [0.7900692820549011, 0.8235895037651062, 0.5941371917724609, 0.6781557202339172, 0.6838310956954956, 0.579512894153595, 0.7377206087112427, 0.4215449392795563, 0.3406561613082886, 0.36482515931129456, 0.5678418278694153, 0.47305890917778015, 0.09949401021003723, 0.3044016361236572, 0.3561554253101349, 0.21081051230430603, 0.5163583755493164, 0.2665758430957794, 0.2793504297733307, 0.5173657536506653, 0.121790312230587, 0.4856341779232025, 0.41855183243751526, 0.6001063585281372, 0.25999176502227783, 0.3515605032444, 0.1613357663154602, 0.37534299492836, 0.25258415937423706, 0.4431925117969513, 0.8916434049606323, 0.5055880546569824, 0.1384841948747635, 0.24790747463703156], [0.6066189408302307, 0.5547694563865662, 0.6658737659454346, 0.39623570442199707, 0.6691415905952454, 0.6076433062553406, 0.633124828338623, 0.25896498560905457, 0.5004348754882812, 0.3741808533668518, 0.609981894493103, 0.506148099899292, 0.21659910678863525, 0.4229580760002136, 0.6857200264930725, 0.6164363026618958, 0.324952632188797, 0.21709710359573364, 0.3893180787563324, 0.3135128915309906, 0.6408066749572754, 0.5162299275398254, 0.44253402948379517, 0.2428729385137558, 0.34159132838249207, 0.37830743193626404, 0.3853875696659088, 0.636707603931427, 0.33163541555404663, 0.29121264815330505, 0.8823190927505493, 0.6183025240898132, 0.6553546190261841, 0.5572255253791809, 0.7124388813972473, 0.29394111037254333, 0.6075007319450378, 0.531646192073822, 0.4153606593608856, 0.6661914587020874, 0.2936406135559082, 0.3055429756641388], [0.36711984872817993, 0.6579568982124329, 0.2758408486843109, 0.43534794449806213, 0.5808875560760498, 0.6188919544219971, 0.8239701986312866, 0.05537174269556999, 0.22328835725784302, 0.2136310189962387, 0.6298211216926575, 0.4269345998764038, 0.4165850877761841, 0.40579357743263245, 0.7432252764701843, 0.42490944266319275, 0.22374151647090912, 0.2769428491592407, 0.2274564802646637, 0.3614870309829712, 0.4356321692466736, 0.43176141381263733, 0.32433247566223145, 0.45676854252815247, 0.07208606600761414, 0.15034309029579163, 0.03772440925240517, 0.06365793198347092, 0.13323631882667542, 0.06799256056547165, 0.7990295886993408, 0.29168155789375305, 0.4005360007286072, 0.2669599950313568, 0.3182523250579834, 0.29397547245025635, 0.2632947266101837, 0.0639919564127922, 0.040695954114198685, 0.09186772257089615, 0.13197951018810272, 0.0685628354549408, 0.0478515662252903, 0.1186932697892189, 0.08480153977870941, 0.1534259021282196, 0.11727240681648254, 0.14401379227638245, 0.06602785736322403, 0.09200099110603333], [0.07501524686813354, 0.7006303071975708, 0.2662789821624756, 0.5398258566856384, 0.4633086621761322, 0.5329043865203857, 0.49797913432121277, 0.4209096431732178, 0.42814406752586365, 0.14230264723300934, 0.466977596282959, 0.49553191661834717, 0.17343489825725555, 0.47835952043533325, 0.3336111009120941, 0.33418402075767517, 0.17132656276226044, 0.15092532336711884, 0.3599958121776581, 0.20440122485160828, 0.5589447021484375, 0.26627227663993835, 0.5700734257698059, 0.22265592217445374, 0.054980210959911346, 0.08153999596834183, 0.3717425465583801, 0.17963965237140656, 0.43754738569259644, 0.169779434800148, 0.3790356516838074, 0.2795458734035492, 0.27243271470069885, 0.44999292492866516, 0.7758482694625854, 0.2416350394487381, 0.5886648893356323, 0.26022621989250183, 0.29544728994369507, 0.2776617407798767, 0.41289418935775757, 0.2577040493488312, 0.18848614394664764, 0.34687483310699463, 0.35358089208602905, 0.10584735870361328, 0.4062567949295044, 0.5795370936393738, 0.5974219441413879, 0.5893266201019287, 0.5041466355323792, 0.7475859522819519, 0.08785851299762726, 0.20033583045005798, 0.44885388016700745, 0.6979082226753235, 0.2981051802635193, 0.5691353678703308]], "epochs": [65, 237, 657, 1807, 2910, 5000, 5000, 5000]}