{"num_classes": [2, 10, 18, 26, 34, 42, 50, 58], "acc": [1.0, 1.0, 1.0, 1.0, 1.0, 1.0, 1.0, 1.0], "probs": [[0.9198489189147949, 0.06975614279508591], [0.11424993723630905, 0.10401830077171326, 0.760350227355957, 0.6769886016845703, 0.7267757058143616, 0.9511146545410156, 0.8270362615585327, 0.7289491295814514, 0.43436843156814575, 0.7157306671142578], [0.6810686588287354, 0.4973626434803009, 0.5552902817726135, 0.5301197171211243, 0.6401345133781433, 0.7599239349365234, 0.4366404116153717, 0.560016393661499, 0.6756125688552856, 0.7643963694572449, 0.46077287197113037, 0.21227450668811798, 0.8605712652206421, 0.724918782711029, 0.8665072321891785, 0.8219514489173889, 0.6718959212303162, 0.6386944651603699], [0.44989562034606934, 0.1479083150625229, 0.666755199432373, 0.29331356287002563, 0.7160175442695618, 0.7162071466445923, 0.5029903054237366, 0.5661051273345947, 0.6796196699142456, 0.610331118106842, 0.4124417304992676, 0.30896028876304626, 0.8872292637825012, 0.8334223628044128, 0.8466358780860901, 0.8682751655578613, 0.6667139530181885, 0.8962118029594421, 0.739813506603241, 0.7769448161125183, 0.8579108715057373, 0.3186235725879669, 0.8339687585830688, 0.8717761635780334, 0.7650637030601501, 0.09826049208641052], [0.2087586671113968, 0.05915352702140808, 0.6353234648704529, 0.36828649044036865, 0.59392249584198, 0.6904547810554504, 0.604091227054596, 0.5491769313812256, 0.7881065607070923, 0.59177565574646, 0.2563335597515106, 0.7195786833763123, 0.9260823726654053, 0.695631742477417, 0.8277294039726257, 0.7853264808654785, 0.5036238431930542, 0.6687924861907959, 0.647003173828125, 0.4437437355518341, 0.7070700526237488, 0.584336519241333, 0.7283077836036682, 0.845863938331604, 0.6934210658073425, 0.7411305904388428, 0.7545803189277649, 0.5742679834365845, 0.8108842372894287, 0.7603228092193604, 0.9140548706054688, 0.8625317811965942, 0.6265243887901306, 0.6702160239219666], [0.8376790285110474, 0.5048372745513916, 0.23759637773036957, 0.4858216643333435, 0.6780519485473633, 0.8616451025009155, 0.5445476174354553, 0.34277451038360596, 0.7245222926139832, 0.6615864634513855, 0.6304361820220947, 0.7595952153205872, 0.9173653721809387, 0.6258769631385803, 0.9223108291625977, 0.8796350359916687, 0.589069664478302, 0.8439359068870544, 0.7272971272468567, 0.7327805757522583, 0.8798474073410034, 0.734744668006897, 0.5953373908996582, 0.9037666320800781, 0.7459530830383301, 0.8204984664916992, 0.9512711763381958, 0.6932166218757629, 0.9218794703483582, 0.9247804880142212, 0.8922927975654602, 0.9538230895996094, 0.8600559234619141, 0.9081421494483948, 0.8722547888755798, 0.9159526824951172, 0.9261685013771057, 0.8409651517868042, 0.9218279719352722, 0.8940165042877197, 0.845725953578949, 0.902840793132782], [0.19504059851169586, 0.0883626937866211, 0.1654205471277237, 0.4743407964706421, 0.593262791633606, 0.6151357293128967, 0.3823258578777313, 0.36885595321655273, 0.6297924518585205, 0.4183344841003418, 0.29801827669143677, 0.46951350569725037, 0.7994323372840881, 0.7422000169754028, 0.8238978981971741, 0.5968500375747681, 0.40081679821014404, 0.7122203707695007, 0.7689948081970215, 0.7602364420890808, 0.6530311703681946, 0.4099138677120209, 0.6578430533409119, 0.6907748579978943, 0.7613377571105957, 0.6094486117362976, 0.6991628408432007, 0.47270694375038147, 0.673660933971405, 0.7266287803649902, 0.8570922017097473, 0.8966280221939087, 0.7925181984901428, 0.7481930255889893, 0.8245344161987305, 0.829235851764679, 0.7495944499969482, 0.7622812390327454, 0.8598374128341675, 0.8954943418502808, 0.7600938081741333, 0.7466111779212952, 0.8657045960426331, 0.21856223046779633, 0.8298436403274536, 0.9588459134101868, 0.8328979015350342, 0.9614824056625366, 0.9341932535171509, 0.8951157927513123], [0.6813464760780334, 0.7231072187423706, 0.7354389429092407, 0.5741097331047058, 0.5983082056045532, 0.7852346301078796, 0.7013914585113525, 0.5978969931602478, 0.8114212155342102, 0.3322579264640808, 0.6078578233718872, 0.6116366982460022, 0.8161685466766357, 0.8176150918006897, 0.7725088596343994, 0.875960648059845, 0.5118237137794495, 0.7552386522293091, 0.7272205352783203, 0.6732954382896423, 0.7798289656639099, 0.4866175949573517, 0.6665704846382141, 0.8551638126373291, 0.8418405652046204, 0.7041471004486084, 0.8898085951805115, 0.42919695377349854, 0.703290581703186, 0.43222174048423767, 0.9192990064620972, 0.819729208946228, 0.8021740913391113, 0.8545992970466614, 0.790516197681427, 0.765699565410614, 0.7613655924797058, 0.6051391363143921, 0.8687477111816406, 0.8945775032043457, 0.5761902332305908, 0.6116214394569397, 0.8396523594856262, 0.5227532386779785, 0.9246011972427368, 0.913138210773468, 0.7598533034324646, 0.9748654365539551, 0.9293368458747864, 0.8532502055168152, 0.9320003390312195, 0.06582657992839813, 0.7066957950592041, 0.8743130564689636, 0.9131763577461243, 0.9317825436592102, 0.8513289093971252, 0.9317665100097656]], "epochs": [103, 535, 387, 531, 982, 2985, 1160, 2836]}