{"num_classes": [2, 10, 18, 26, 34, 42, 50, 58], "acc": [1.0, 1.0, 1.0, 1.0, 1.0, 1.0, 0.92, 0.9655172413793104], "probs": [[0.05234595388174057, 0.26226523518562317], [0.08632823079824448, 0.41542989015579224, 0.8543346524238586, 0.18902909755706787, 0.8306289315223694, 0.872379720211029, 0.7930301427841187, 0.4770316779613495, 0.744854748249054, 0.9018978476524353], [0.10109394043684006, 0.44963961839675903, 0.5910294651985168, 0.37578296661376953, 0.6669092178344727, 0.43616238236427307, 0.4207388162612915, 0.7142698764801025, 0.09487607330083847, 0.5575376152992249, 0.45612967014312744, 0.45399296283721924, 0.6831956505775452, 0.8470364212989807, 0.8513323664665222, 0.550146758556366, 0.7496921420097351, 0.9343233108520508], [0.7538118362426758, 0.8238248229026794, 0.6879727840423584, 0.24117720127105713, 0.8969246745109558, 0.9341440796852112, 0.6269848942756653, 0.7896785736083984, 0.8464353084564209, 0.7783092856407166, 0.7328990697860718, 0.8262021541595459, 0.8663185834884644, 0.8028066158294678, 0.829291820526123, 0.7945751547813416, 0.71230548620224, 0.9361229538917542, 0.940937340259552, 0.7795719504356384, 0.7324306964874268, 0.6842517256736755, 0.8348291516304016, 0.8190136551856995, 0.7011334896087646, 0.7866463661193848], [0.6540670990943909, 0.5205615758895874, 0.5600302219390869, 0.3424530029296875, 0.7380487322807312, 0.47974467277526855, 0.21206046640872955, 0.5567318797111511, 0.325417697429657, 0.5581876635551453, 0.40244820713996887, 0.24792151153087616, 0.7621803283691406, 0.7714759111404419, 0.8600809574127197, 0.8893110752105713, 0.5648289918899536, 0.7446382641792297, 0.48620277643203735, 0.827807605266571, 0.751568078994751, 0.30893367528915405, 0.43069368600845337, 0.8439385294914246, 0.7224122285842896, 0.6707514524459839, 0.8919546604156494, 0.7197680473327637, 0.8050509095191956, 0.9213298559188843, 0.8309339284896851, 0.9197588562965393, 0.7436224222183228, 0.7010431289672852], [0.399745911359787, 0.7564153671264648, 0.7841889262199402, 0.2520686686038971, 0.6934416890144348, 0.6329054236412048, 0.25689375400543213, 0.7403812408447266, 0.6472979784011841, 0.5742666721343994, 0.4400331377983093, 0.5483809113502502, 0.7781761288642883, 0.4920777678489685, 0.8824795484542847, 0.855290949344635, 0.48149076104164124, 0.7486522197723389, 0.706305742263794, 0.7542439699172974, 0.6341596245765686, 0.38793042302131653, 0.5558473467826843, 0.8966362476348877, 0.8255392909049988, 0.7944682836532593, 0.8617659211158752, 0.6640880107879639, 0.8917452096939087, 0.7414414882659912, 0.9179927706718445, 0.7271261215209961, 0.9130347371101379, 0.8981508612632751, 0.7691113352775574, 0.6638275980949402, 0.8149784803390503, 0.5902677774429321, 0.808809220790863, 0.945957601070404, 0.6775095462799072, 0.3505654036998749], [0.48848798871040344, 0.5498259663581848, 0.16240862011909485, 0.2748798429965973, 0.7883820533752441, 0.8371527791023254, 0.20784735679626465, 0.6123549342155457, 0.5246236324310303, 0.5793588757514954, 0.5358166098594666, 0.4854913055896759, 0.8722348809242249, 0.5691763162612915, 0.9224192500114441, 0.9133248329162598, 0.2404751479625702, 0.660696804523468, 0.785916268825531, 0.6622081398963928, 0.8054255843162537, 0.3928770124912262, 0.7503771781921387, 0.8185443878173828, 0.9015094637870789, 0.8457568287849426, 0.9749197363853455, 0.895622193813324, 0.9536107778549194, 0.9240453243255615, 0.967856764793396, 0.9768196940422058, 0.737511932849884, 0.847750723361969, 0.8892806172370911, 0.8946110010147095, 0.9757384657859802, 0.7764245867729187, 0.8365780115127563, 0.8938758969306946, 0.7343635559082031, 0.6948769092559814, 0.9024078249931335, 0.4675639569759369, 0.9592145085334778, 0.9527040719985962, 0.9463038444519043, 0.8989039063453674, 0.9620994925498962, 0.8390797972679138], [0.4343775808811188, 0.4978278875350952, 0.7318036556243896, 0.4654412567615509, 0.7911997437477112, 0.6846003532409668, 0.2866976857185364, 0.4833643138408661, 0.2674387991428375, 0.21877306699752808, 0.6047767400741577, 0.7128741145133972, 0.8434308171272278, 0.7191460132598877, 0.7686604857444763, 0.6615628004074097, 0.24827086925506592, 0.6819804906845093, 0.744820773601532, 0.37687113881111145, 0.5960192084312439, 0.42847001552581787, 0.5040082335472107, 0.7666915655136108, 0.6120553016662598, 0.6151924133300781, 0.8493463397026062, 0.810418963432312, 0.77366042137146, 0.8072271943092346, 0.9287621974945068, 0.8811866641044617, 0.590728759765625, 0.47653481364250183, 0.7459753155708313, 0.7071393728256226, 0.7049095034599304, 0.19032321870326996, 0.5487044453620911, 0.7933187484741211, 0.6666144132614136, 0.27391618490219116, 0.8726826906204224, 0.45480838418006897, 0.7944358587265015, 0.8269720077514648, 0.9125892519950867, 0.7930341958999634, 0.9270805716514587, 0.7984135746955872, 0.8228986263275146, 0.10332797467708588, 0.7397685647010803, 0.7949317097663879, 0.701149046421051, 0.9394338726997375, 0.468378484249115, 0.5476582050323486]], "epochs": [102, 391, 314, 699, 828, 1718, 5000, 5000]}