{"num_classes": [2, 6, 10, 14, 18, 22, 26, 30, 34, 38, 42, 46, 50, 54, 58, 62], "acc": [1.0, 1.0, 1.0, 0.7142857142857143, 0.4444444444444444, 0.7272727272727273, 0.7692307692307693, 0.5333333333333333, 0.5882352941176471, 0.47368421052631576, 0.40476190476190477, 0.13043478260869565, 0.16, 0.18518518518518517, 0.4482758620689655, 0.3870967741935484], "probs": [[0.26073670387268066, 0.15715228021144867], [0.16229189932346344, 0.2811737656593323, 0.4030824303627014, 0.7157113552093506, 0.9496564865112305, 0.5681049227714539], [0.7728398442268372, 0.4977591633796692, 0.8375478386878967, 0.7633615136146545, 0.8740166425704956, 0.6545773148536682, 0.9912712574005127, 0.11107026785612106, 0.9977779984474182, 0.99660325050354], [0.17255671322345734, 0.18454022705554962, 0.45686769485473633, 0.31528085470199585, 0.9077624082565308, 0.27990344166755676, 0.7458027601242065, 0.1518191546201706, 0.22849752008914948, 0.9895758628845215, 0.9906272888183594, 0.07671717554330826, 0.7261255383491516, 0.9798316359519958], [0.20757615566253662, 0.17837996780872345, 0.1527981162071228, 0.0956050232052803, 0.31973502039909363, 0.14956854283809662, 0.8201447129249573, 0.09795410931110382, 0.15401691198349, 0.9653651714324951, 0.7453780174255371, 0.14776410162448883, 0.7059881687164307, 0.9533238410949707, 0.42008763551712036, 0.13426581025123596, 0.3664066791534424, 0.8680300712585449], [0.2164272964000702, 0.3147883117198944, 0.0724257230758667, 0.39391884207725525, 0.33625033497810364, 0.26436352729797363, 0.6341612339019775, 0.07303554564714432, 0.11459796875715256, 0.9936072826385498, 0.9017953872680664, 0.10721758753061295, 0.8210092782974243, 0.9876497387886047, 0.7272958159446716, 0.7953808307647705, 0.47970160841941833, 0.8854444622993469, 0.18437090516090393, 0.4929339587688446, 0.8115493059158325, 0.8231929540634155], [0.4745533764362335, 0.36854517459869385, 0.4031778573989868, 0.5535419583320618, 0.5994293093681335, 0.24597541987895966, 0.7158015966415405, 0.2108222097158432, 0.18833115696907043, 0.9735214114189148, 0.8462908864021301, 0.17843028903007507, 0.8078962564468384, 0.9698427319526672, 0.8569931387901306, 0.711871862411499, 0.9185118675231934, 0.592993438243866, 0.5972760915756226, 0.6176902055740356, 0.7468714714050293, 0.6459227800369263, 0.08675357699394226, 0.9708441495895386, 0.06841558963060379, 0.7610989809036255], [0.09485718607902527, 0.1140482947230339, 0.11319451034069061, 0.1317932903766632, 0.22149913012981415, 0.11964830756187439, 0.7762869000434875, 0.04141523689031601, 0.11294202506542206, 0.9669160842895508, 0.8599423766136169, 0.10511904954910278, 0.30986255407333374, 0.8607643246650696, 0.5337576270103455, 0.25559815764427185, 0.9349179267883301, 0.5663941502571106, 0.0996638685464859, 0.5198020339012146, 0.7993865609169006, 0.8327129483222961, 0.15716491639614105, 0.8093551397323608, 0.22239431738853455, 0.587149977684021, 0.1146819218993187, 0.16223569214344025, 0.47214043140411377, 0.0782376155257225], [0.17412836849689484, 0.1671512871980667, 0.11002540588378906, 0.09837428480386734, 0.591126561164856, 0.20191848278045654, 0.8080050349235535, 0.9062018394470215, 0.9759427905082703, 0.9953688383102417, 0.3277313709259033, 0.2902679443359375, 0.5573278069496155, 0.9690819382667542, 0.1676386594772339, 0.6303126215934753, 0.9131518006324768, 0.7990356087684631, 0.3934660255908966, 0.21442872285842896, 0.8923074007034302, 0.8575849533081055, 0.2754729688167572, 0.9659863710403442, 0.12955892086029053, 0.302279531955719, 0.43257564306259155, 0.347897469997406, 0.4311801493167877, 0.09151078760623932, 0.17174161970615387, 0.19583766162395477, 0.9718091487884521, 0.8400027751922607], [0.08607017248868942, 0.03693866729736328, 0.09629040956497192, 0.04238402470946312, 0.21800267696380615, 0.09970638900995255, 0.41414374113082886, 0.11609901487827301, 0.04135257005691528, 0.9808812141418457, 0.6055198311805725, 0.06832346320152283, 0.6407668590545654, 0.9709611535072327, 0.15746626257896423, 0.7351696491241455, 0.85796719789505, 0.4695577025413513, 0.10341514647006989, 0.2189362645149231, 0.8404972553253174, 0.7992083430290222, 0.7855625152587891, 0.9708338379859924, 0.04056728258728981, 0.6552448272705078, 0.05901072546839714, 0.0787038654088974, 0.26486003398895264, 0.050141897052526474, 0.149105504155159, 0.13726742565631866, 0.16311325132846832, 0.18569259345531464, 0.03777525573968887, 0.9517867565155029, 0.9041728377342224, 0.2627478539943695], [0.2788906395435333, 0.18783076107501984, 0.26593664288520813, 0.07396949082612991, 0.17678290605545044, 0.09838172048330307, 0.3733510375022888, 0.15034744143486023, 0.3748844563961029, 0.9801494479179382, 0.4685169756412506, 0.24044373631477356, 0.8371268510818481, 0.9595455527305603, 0.1659848392009735, 0.2785765528678894, 0.4574585556983948, 0.20680458843708038, 0.11136193573474884, 0.31873244047164917, 0.6421622037887573, 0.6594979763031006, 0.2505931258201599, 0.8541527986526489, 0.15593789517879486, 0.2197239100933075, 0.17560309171676636, 0.30734217166900635, 0.1758549064397812, 0.15384486317634583, 0.07563629001379013, 0.39570942521095276, 0.17904545366764069, 0.0784682035446167, 0.08653337508440018, 0.14173825085163116, 0.837561309337616, 0.7390499114990234, 0.42169710993766785, 0.42089253664016724, 0.152827650308609, 0.24087323248386383], [0.044415537267923355, 0.031994547694921494, 0.09695763140916824, 0.11154314130544662, 0.02110721357166767, 0.031198523938655853, 0.03313922882080078, 0.03481923043727875, 0.06475292146205902, 0.3388665020465851, 0.08697012066841125, 0.026257306337356567, 0.11785994470119476, 0.8433234095573425, 0.04676421359181404, 0.12638437747955322, 0.4403703212738037, 0.04581326246261597, 0.12399794906377792, 0.07856433093547821, 0.1306779384613037, 0.04839114099740982, 0.08701404929161072, 0.20681419968605042, 0.07044302672147751, 0.06553220003843307, 0.05952223017811775, 0.04365328326821327, 0.04565843194723129, 0.022764453664422035, 0.06219976022839546, 0.10206746309995651, 0.03999589383602142, 0.06466688960790634, 0.056254319846630096, 0.03232321888208389, 0.18726126849651337, 0.029818089678883553, 0.04853722080588341, 0.8576573729515076, 0.03983175754547119, 0.04745078459382057, 0.035389650613069534, 0.28525757789611816, 0.058166611939668655, 0.023546971380710602], [0.22871272265911102, 0.270833283662796, 0.15665775537490845, 0.2625097334384918, 0.2037808895111084, 0.14555439352989197, 0.16851016879081726, 0.14530542492866516, 0.1494833379983902, 0.957913875579834, 0.4714992940425873, 0.1598624736070633, 0.1506483107805252, 0.7419273853302002, 0.18646417558193207, 0.22779130935668945, 0.28784188628196716, 0.359038770198822, 0.23887021839618683, 0.3292716443538666, 0.2998877167701721, 0.25552132725715637, 0.5284327268600464, 0.6903447508811951, 0.10943533480167389, 0.34894856810569763, 0.5180008411407471, 0.11601877957582474, 0.22656778991222382, 0.40620699524879456, 0.2883228659629822, 0.1661737859249115, 0.14508895576000214, 0.38279834389686584, 0.24343939125537872, 0.25743263959884644, 0.3861255943775177, 0.8060926795005798, 0.2507687211036682, 0.3522491753101349, 0.2837122976779938, 0.2803758382797241, 0.37492668628692627, 0.8664760589599609, 0.2886335253715515, 0.2348213940858841, 0.15450429916381836, 0.34551090002059937, 0.13707728683948517, 0.9020776748657227], [0.29549357295036316, 0.2031051367521286, 0.23893213272094727, 0.21788904070854187, 0.43208441138267517, 0.3318556249141693, 0.22887755930423737, 0.13336282968521118, 0.2980733811855316, 0.9794608354568481, 0.4868474304676056, 0.2808550000190735, 0.2948475182056427, 0.9234930276870728, 0.12573641538619995, 0.19160042703151703, 0.3092764914035797, 0.45937034487724304, 0.19614221155643463, 0.3131731152534485, 0.647758960723877, 0.20999842882156372, 0.520819365978241, 0.8952969312667847, 0.1833944320678711, 0.3450416326522827, 0.3042558431625366, 0.37204378843307495, 0.24546249210834503, 0.17799687385559082, 0.22478516399860382, 0.2680743634700775, 0.3318965435028076, 0.8205585479736328, 