{"num_classes": [2, 10, 18, 26, 34, 42, 50, 58], "acc": [1.0, 0.7, 0.7222222222222222, 0.6153846153846154, 0.6176470588235294, 0.4523809523809524, 0.58, 0.3103448275862069], "probs": [[0.9637162089347839, 0.1556262969970703], [0.8958341479301453, 0.6995835900306702, 0.259804368019104, 0.4750599265098572, 0.933730959892273, 0.18594753742218018, 0.5402450561523438, 0.3203473687171936, 0.23393505811691284, 0.9991069436073303], [0.23199038207530975, 0.19280509650707245, 0.5576075911521912, 0.22145913541316986, 0.7972034215927124, 0.21894896030426025, 0.6886240243911743, 0.11773134768009186, 0.7720332741737366, 0.9895854592323303, 0.9941889047622681, 0.3469518721103668, 0.8102604150772095, 0.9736186861991882, 0.9295876026153564, 0.47024819254875183, 0.9746787548065186, 0.9366036057472229], [0.12516669929027557, 0.11283962428569794, 0.1459311544895172, 0.5596928596496582, 0.763036847114563, 0.6200630068778992, 0.7949066162109375, 0.06488426774740219, 0.033537767827510834, 0.9945017099380493, 0.5311680436134338, 0.1161104142665863, 0.6583384275436401, 0.9532513618469238, 0.4617457985877991, 0.6298486590385437, 0.867588996887207, 0.19159848988056183, 0.10849412530660629, 0.7802348136901855, 0.831261396408081, 0.851751446723938, 0.32026350498199463, 0.984093189239502, 0.3273162841796875, 0.16704167425632477], [0.137965127825737, 0.21045447885990143, 0.10398250073194504, 0.15717510879039764, 0.8097509145736694, 0.336625337600708, 0.7407533526420593, 0.14121516048908234, 0.09988639503717422, 0.9529697895050049, 0.7067263126373291, 0.08865148574113846, 0.6706048250198364, 0.9455080628395081, 0.2648034989833832, 0.8481764197349548, 0.9233701229095459, 0.9527694582939148, 0.18806388974189758, 0.4799484312534332, 0.7614800930023193, 0.9521062970161438, 0.9373738169670105, 0.9851670861244202, 0.03342504799365997, 0.8179066777229309, 0.13327647745609283, 0.03961574658751488, 0.19435010850429535, 0.10067161172628403, 0.11711578071117401, 0.16595399379730225, 0.11567403376102448, 0.9617642760276794], [0.0727725401520729, 0.07775073498487473, 0.1816985011100769, 0.396633118391037, 0.7644942402839661, 0.18478132784366608, 0.7126736640930176, 0.12279877066612244, 0.0579560324549675, 0.9918409585952759, 0.9373175501823425, 0.2185763567686081, 0.7385610342025757, 0.9695678353309631, 0.8704804182052612, 0.6032061576843262, 0.8418832421302795, 0.6070789694786072, 0.31537431478500366, 0.22041234374046326, 0.7638420462608337, 0.6052022576332092, 0.08033978193998337, 0.8215402960777283, 0.07303757220506668, 0.09436942636966705, 0.03821059688925743, 0.058097634464502335, 0.05941160023212433, 0.07913382351398468, 0.07650876045227051, 0.0817449763417244, 0.0645061582326889, 0.15624408423900604, 0.0980287715792656, 0.9728354215621948, 0.5406094193458557, 0.677035391330719, 0.24447844922542572, 0.7598128318786621, 0.1655336618423462, 0.05966321378946304], [0.045784808695316315, 0.057324908673763275, 0.03786639869213104, 0.061675410717725754, 0.06264568120241165, 0.2881240248680115, 0.3312245309352875, 0.2246544510126114, 0.05744456499814987, 0.07273414731025696, 0.8345215320587158, 0.057629555463790894, 0.882723867893219, 0.9417259097099304, 0.12232642620801926, 0.5499312877655029, 0.5225500464439392, 0.6111945509910583, 0.17724287509918213, 0.6509335041046143, 0.8758052587509155, 0.7131999731063843, 0.853813111782074, 0.9142388701438904, 0.09225057065486908, 0.16812598705291748, 0.22996766865253448, 0.05437104403972626, 0.09694276750087738, 0.0808255597949028, 0.15271735191345215, 0.15872524678707123, 0.08696671575307846, 0.057065200060606, 0.03555534780025482, 0.9490259289741516, 0.2088131457567215, 0.936220109462738, 0.09822945296764374, 0.801236093044281, 0.18143361806869507, 0.1955525428056717, 0.9374293684959412, 0.09157655388116837, 0.2561924159526825, 0.07894698530435562, 0.5662674307823181, 0.17479372024536133, 0.07745125889778137, 0.9957668781280518], [0.056843917816877365, 0.09964324533939362, 0.31769195199012756, 0.3210196793079376, 0.23997043073177338, 0.5873012542724609, 0.92023104429245, 0.05931541323661804, 0.029417065903544426, 0.8737506866455078, 0.4833146333694458, 0.13601000607013702, 0.25875502824783325, 0.7796757817268372, 0.1541803628206253, 0.10898911952972412, 0.15786531567573547, 0.08286068588495255, 0.03775300085544586, 0.06923971325159073, 0.5851263403892517, 0.358182817697525, 0.08177775889635086, 0.6748701333999634, 0.11658699810504913, 0.35495510697364807, 0.08279228955507278, 0.08243247121572495, 0.4530600607395172, 0.06082213297486305, 0.21545575559139252, 0.08008057624101639, 0.08215036988258362, 0.845078706741333, 0.05520789325237274, 0.8134706616401672, 0.22133506834506989, 0.33216622471809387, 0.3462395966053009, 0.5681527853012085, 0.2490948587656021, 0.49168285727500916, 0.4141334593296051, 0.978857159614563, 0.2654111087322235, 0.2202974110841751, 0.1784822940826416, 0.08449992537498474, 0.5274892449378967, 0.9448757767677307, 0.4305069148540497, 0.09663817286491394, 0.08651205897331238, 0.0961938425898552, 0.3450722098350525, 0.1453847736120224, 0.35025253891944885, 0.21937842667102814]], "epochs": [2868, 5000, 5000, 5000, 5000, 5000, 5000, 5000]}