{"num_classes": [2, 10, 18, 26, 34, 42, 50, 58, 2, 10, 18, 26, 34, 42, 50, 58], "acc": [1.0, 0.8, 1.0, 0.9230769230769231, 0.7058823529411765, 0.47619047619047616, 0.32, 0.20689655172413793, 1.0, 1.0, 0.6111111111111112, 0.8461538461538461, 0.23529411764705882, 0.16666666666666666, 0.3, 0.3793103448275862], "probs": [[0.9066669940948486, 0.09370746463537216], [0.6937903165817261, 0.11147794127464294, 0.725387454032898, 0.6261402368545532, 0.8999758362770081, 0.9492841958999634, 0.93989098072052, 0.18873117864131927, 0.9388469457626343, 0.5635568499565125], [0.1915944218635559, 0.3041785955429077, 0.403769850730896, 0.5225238800048828, 0.8133447170257568, 0.6865094900131226, 0.8620170950889587, 0.39440321922302246, 0.6867113709449768, 0.20826521515846252, 0.08194880187511444, 0.09021095931529999, 0.4904909133911133, 0.3755444288253784, 0.4983220100402832, 0.5381892323493958, 0.21762214601039886, 0.5958950519561768], [0.30802077054977417, 0.27665358781814575, 0.33862245082855225, 0.6253219842910767, 0.6639088988304138, 0.8521933555603027, 0.5671467185020447, 0.257281094789505, 0.7783989906311035, 0.18303869664669037, 0.28683358430862427, 0.7961597442626953, 0.5419654846191406, 0.6466319561004639, 0.9098458886146545, 0.6222796440124512, 0.5874437093734741, 0.3869541883468628, 0.7631686925888062, 0.2585102915763855, 0.4545549154281616, 0.7383438348770142, 0.7766026854515076, 0.4826018214225769, 0.24896161258220673, 0.25452885031700134], [0.12695887684822083, 0.46072307229042053, 0.13037824630737305, 0.3112758696079254, 0.30129295587539673, 0.5905858278274536, 0.33829548954963684, 0.20687848329544067, 0.492552250623703, 0.15783806145191193, 0.11282297968864441, 0.41364631056785583, 0.5032216310501099, 0.3568217158317566, 0.898285984992981, 0.35279470682144165, 0.36774247884750366, 0.23606742918491364, 0.840838611125946, 0.15058504045009613, 0.1870851367712021, 0.4502262473106384, 0.7155070900917053, 0.5574050545692444, 0.18975694477558136, 0.3917423188686371, 0.29903197288513184, 0.4412785768508911, 0.734438419342041, 0.07323002070188522, 0.5326321721076965, 0.34819939732551575, 0.16841374337673187, 0.33495256304740906], [0.04603925719857216, 0.069512739777565, 0.0766654834151268, 0.09097356349229813, 0.43208906054496765, 0.5348640084266663, 0.43064525723457336, 0.0631309300661087, 0.13595663011074066, 0.17763453722000122, 0.1757739782333374, 0.5246732234954834, 0.080143041908741, 0.1881636530160904, 0.5114924907684326, 0.12269411981105804, 0.26701754331588745, 0.14372053742408752, 0.2816837728023529, 0.1960432231426239, 0.10194265842437744, 0.18706589937210083, 0.6647812128067017, 0.07421257346868515, 0.13270029425621033, 0.3564361333847046, 0.06248476728796959, 0.1232021227478981, 0.5417938232421875, 0.05535546690225601, 0.4903901517391205, 0.14348529279232025, 0.10368504375219345, 0.3897985816001892, 0.20165462791919708, 0.18765132129192352, 0.6367034912109375, 0.47560441493988037, 0.10365757346153259, 0.383998304605484, 0.19981823861598969, 0.08354465663433075], [0.05670778825879097, 0.06697504222393036, 0.1337989866733551, 0.07067850977182388, 0.2660467326641083, 0.2229706197977066, 0.10701233893632889, 0.06187852844595909, 0.06799458712339401, 0.10361038893461227, 0.04100340977311134, 0.06049497053027153, 0.046172212809324265, 0.07176043838262558, 0.39351886510849, 0.05910274013876915, 0.06326030939817429, 0.09121384471654892, 0.09798447042703629, 0.02546701394021511, 0.08702513575553894, 0.03569591045379639, 0.08675336837768555, 0.06409960240125656, 0.04918508231639862, 0.13376271724700928, 0.08769331872463226, 0.5918501019477844, 0.22686906158924103, 0.05885600671172142, 0.2458592653274536, 0.07894857227802277, 0.1375851184129715, 0.21869850158691406, 0.18293431401252747, 0.06257380545139313, 0.24352440237998962, 0.16404052078723907, 0.1427127718925476, 0.5063933730125427, 0.30343466997146606, 0.1294049769639969, 0.6231202483177185, 0.11863862723112106, 0.12872998416423798, 0.1063869297504425, 0.5934244990348816, 0.3853529393672943, 0.5785560011863708, 0.2934386134147644], [0.016525378450751305, 0.017675258219242096, 0.026645323261618614, 0.01697244495153427, 0.024877993389964104, 0.07574480772018433, 0.03453488647937775, 0.027805307880043983, 0.10320531576871872, 0.14955484867095947, 0.025296395644545555, 0.05598636344075203, 0.057270705699920654, 0.040754176676273346, 0.24925947189331055, 0.06392395496368408, 0.03881127014756203, 0.14512519538402557, 0.3014734983444214, 0.02362980507314205, 0.09205623716115952, 0.09109095484018326, 0.12071588635444641, 0.058414023369550705, 0.04846912622451782, 0.14734050631523132, 0.07131604850292206, 0.17103902995586395, 0.3227463364601135, 0.044584065675735474, 0.14357329905033112, 0.09910379350185394, 0.08304733037948608, 0.025692766532301903, 0.044603895395994186, 0.03107360377907753, 0.20156118273735046, 0.051005274057388306, 0.05899716541171074, 0.4559774100780487, 0.15974579751491547, 0.08216141164302826, 0.16483864188194275, 0.07000496238470078, 0.05346750095486641, 0.08143226057291031, 0.5021868944168091, 0.17983007431030273, 0.17397503554821014, 0.40446701645851135, 0.27779659628868103, 0.031603872776031494, 0.031106581911444664, 0.019072268158197403, 0.17728738486766815, 0.10807143151760101, 0.11438163369894028, 0.03985856473445892], [0.13801440596580505, 0.17473940551280975], [0.48367318511009216, 0.8465179204940796, 0.7170777916908264, 0.24400503933429718, 0.9354026913642883, 0.8384733200073242, 0.9436952471733093, 0.5626197457313538, 0.8051171898841858, 0.40947702527046204], [0.5479874014854431, 0.5575082898139954, 0.40870869159698486, 0.2008480429649353, 0.5432036519050598, 0.8868394494056702, 0.8525261282920837, 0.7866207361221313, 0.9119170308113098, 0.3088953197002411, 0.14758072793483734, 0.8818251490592957, 0.09179473668336868, 0.0773724913597107, 0.25652530789375305, 0.2151489555835724, 0.16869346797466278, 0.5320274233818054], [0.19872917234897614, 0.928169846534729, 0.36811596155166626, 0.5557323694229126, 0.5777825117111206, 0.702556312084198, 0.6844844222068787, 0.6198673248291016, 0.9062761664390564, 0.5381577610969543, 0.5771165490150452, 0.18425218760967255, 0.27347463369369507, 0.7699896097183228, 0.8543732166290283, 0.7517567276954651, 0.6391343474388123, 0.21365304291248322, 0.6202691793441772, 0.19098670780658722, 0.3127617835998535, 0.8228745460510254, 0.789874792098999, 0.330078661441803, 0.25026509165763855, 0.2877306342124939], [0.03129598870873451, 0.22521114349365234, 0.10395687818527222, 0.12284284830093384, 0.2787158489227295, 0.5584425330162048, 0.12499263882637024, 0.04859157279133797, 0.059906840324401855, 0.06124986335635185, 0.03101128153502941, 0.06928899139165878, 0.04093579575419426, 0.030239226296544075, 0.19575053453445435, 0.23443637788295746, 0.07531172782182693, 0.13667531311511993, 0.19793255627155304, 0.029199905693531036, 0.08354918658733368, 0.03122681938111782, 0.018930692225694656, 0.09293501079082489, 0.027870893478393555, 0.10266987979412079, 0.05536600947380066, 0.5634759068489075, 0.41477078199386597, 0.058152031153440475, 0.07431606948375702, 0.05445112660527229, 0.029735110700130463, 0.1372714638710022], [0.03350960090756416, 0.16648000478744507, 0.0484272800385952, 0.11612337827682495, 0.058032408356666565, 0.2739102840423584, 0.14002451300621033, 0.049208395183086395, 0.06566335260868073, 0.10659898072481155, 0.08583998680114746, 0.1495831459760666, 0.018586162477731705, 0.05469176545739174, 0.06531547755002975, 0.30590078234672546, 0.025004087015986443, 0.04422846809029579, 0.1911207139492035, 0.022127894684672356, 0.08755525946617126, 0.03665244206786156, 0.1024705097079277, 0.05423751845955849, 0.03422802686691284, 0.051346831023693085, 0.05063945800065994, 0.061093900352716446, 0.0819229930639267, 0.04165180027484894, 0.05368603393435478, 0.07900122553110123, 0.08202511817216873, 0.08300228416919708, 0.05361008271574974, 0.04662567377090454, 0.04226822778582573, 0.020998889580368996, 0.05412253364920616, 0.22978442907333374, 