{"num_classes": [2, 6, 10, 14, 18, 22, 26, 30, 34, 38, 42, 46, 50, 54, 58, 62], "acc": [1.0, 1.0, 1.0, 1.0, 1.0, 1.0, 1.0, 1.0, 1.0, 1.0, 1.0, 0.9782608695652174, 1.0, 1.0, 1.0, 1.0], "probs": [[0.33861061930656433, 0.4205096662044525], [0.8528134822845459, 0.8784211874008179, 0.16011828184127808, 0.8038563132286072, 0.7842515707015991, 0.9650208950042725], [0.8130338788032532, 0.9434219598770142, 0.6364392042160034, 0.9473860263824463, 0.8106807470321655, 0.9642710089683533, 0.7598537802696228, 0.6697166562080383, 0.6772695779800415, 0.10250011831521988], [0.3875587284564972, 0.9375342130661011, 0.12103226780891418, 0.5459698438644409, 0.21601568162441254, 0.8310459852218628, 0.8655853271484375, 0.8275583386421204, 0.6119805574417114, 0.8573047518730164, 0.8129355311393738, 0.9010940790176392, 0.8519386649131775, 0.7326108813285828], [0.2126716822385788, 0.9720067977905273, 0.7010447978973389, 0.7212510108947754, 0.7764937281608582, 0.9337018728256226, 0.7703498005867004, 0.6934713125228882, 0.7574337720870972, 0.6030153632164001, 0.8923383951187134, 0.5926727652549744, 0.7221323847770691, 0.5432807803153992, 0.9403632283210754, 0.9025452733039856, 0.5718026757240295, 0.8099650740623474], [0.7936921119689941, 0.9606768488883972, 0.626285970211029, 0.8095698356628418, 0.5490447282791138, 0.8730036020278931, 0.9173036813735962, 0.795609176158905, 0.6503209471702576, 0.8368818163871765, 0.8142201900482178, 0.9600431323051453, 0.8820950388908386, 0.9024645090103149, 0.8804699778556824, 0.9103628993034363, 0.1763419508934021, 0.9260063171386719, 0.7933103442192078, 0.8903343081474304, 0.8986292481422424, 0.5635346174240112], [0.4917963743209839, 0.5591087937355042, 0.26379281282424927, 0.26827892661094666, 0.4822329878807068, 0.8742375373840332, 0.868044376373291, 0.5466776490211487, 0.8070141673088074, 0.3954947292804718, 0.2426472306251526, 0.718717098236084, 0.4216841459274292, 0.6008037328720093, 0.8037822246551514, 0.7963622808456421, 0.187245711684227, 0.7967677712440491, 0.8406514525413513, 0.5194088816642761, 0.4201471209526062, 0.3168455958366394, 0.7799664735794067, 0.3439151644706726, 0.7092568278312683, 0.6585947275161743], [0.7923346161842346, 0.9276913404464722, 0.7481906414031982, 0.7366695404052734, 0.7274580001831055, 0.7520707845687866, 0.8273487091064453, 0.757247805595398, 0.34815898537635803, 0.37797752022743225, 0.6544099450111389, 0.8375012278556824, 0.6685945391654968, 0.7942318916320801, 0.8836402297019958, 0.7625470757484436, 0.2207012176513672, 0.9227548241615295, 0.8845639824867249, 0.7635244727134705, 0.7870944738388062, 0.8442590832710266, 0.8702638149261475, 0.7315042018890381, 0.9509851932525635, 0.9023715853691101, 0.8875659704208374, 0.9217382669448853, 0.9434168338775635, 0.577681303024292], [0.8539145588874817, 0.9423659443855286, 0.7453446984291077, 0.743983268737793, 0.7371545433998108, 0.9351009130477905, 0.8167416453361511, 0.7318861484527588, 0.44740864634513855, 0.09480682760477066, 0.5894712805747986, 0.8079236149787903, 0.7656838297843933, 0.5263074040412903, 0.8364866971969604, 0.7639669179916382, 0.14233848452568054, 0.9021398425102234, 0.6940959095954895, 0.771884024143219, 0.5980638861656189, 0.5426932573318481, 0.7790923118591309, 0.6047055125236511, 0.9067522287368774, 0.5844253897666931, 0.8122096061706543, 0.7119330167770386, 0.7368867993354797, 0.8805733919143677, 0.8996664881706238, 0.7781563997268677, 0.8426350355148315, 0.8096926212310791], [0.9003547430038452, 0.9649654626846313, 0.8349859714508057, 0.8143664598464966, 0.8919190168380737, 0.955835223197937, 0.9487358927726746, 0.8105543851852417, 0.7953954339027405, 0.12340197712182999, 0.7971158623695374, 0.8637162446975708, 0.776246190071106, 0.7077702283859253, 0.892032265663147, 0.9166266918182373, 0.6668610572814941, 0.9536644816398621, 0.7964611649513245, 0.8635509014129639, 0.8099821209907532, 0.8167470693588257, 0.8608856201171875, 0.8898191452026367, 0.9406237006187439, 0.771799623966217, 0.9400451183319092, 0.7649791836738586, 0.8458139896392822, 0.9598839282989502, 0.9677304625511169, 0.8640191555023193, 0.842305064201355, 0.9371820688247681, 0.9467093348503113, 0.8821163177490234, 0.9078838229179382, 0.9454477429389954], [0.9225484132766724, 0.9279764294624329, 0.7934659719467163, 0.8302781581878662, 0.7568714618682861, 0.9128223061561584, 0.7939983606338501, 0.821597158908844, 0.6228113770484924, 0.48238101601600647, 0.7068982720375061, 0.9241488575935364, 0.8565776348114014, 0.7981589436531067, 0.8790044188499451, 0.8920361399650574, 0.2529548704624176, 0.9380449652671814, 0.8011457920074463, 0.8296214938163757, 0.46172985434532166, 0.8175718784332275, 0.6605825424194336, 0.7819858193397522, 0.8457459211349487, 0.682839572429657, 0.8299282193183899, 0.7692472338676453, 0.8020082116127014, 0.9211869835853577, 0.9257422685623169, 0.8419695496559143, 0.8377450704574585, 0.9011405110359192, 0.9015819430351257, 0.7711893916130066, 0.9027161598205566, 0.9558640122413635, 0.8822335004806519, 0.917187511920929, 0.8155622482299805, 0.765330970287323], [0.6370685696601868, 0.9257702827453613, 0.8119229674339294, 0.7028891444206238, 0.9172661304473877, 0.9413072466850281, 0.9415907859802246, 0.7912874817848206, 0.8423446416854858, 0.5749102234840393, 0.457355797290802, 0.7962033152580261, 0.8237888216972351, 0.8180552124977112, 0.9140421152114868, 0.6403737664222717, 0.2867318093776703, 0.8702020645141602, 0.8546528220176697, 0.3451540768146515, 0.7856698036193848, 0.6818014979362488, 0.8926283717155457, 0.8199653029441833, 0.9422630667686462, 0.6115587949752808, 0.9391517639160156, 0.8640717267990112, 0.9020857214927673, 0.9099048972129822, 0.9765740633010864, 0.6705543398857117, 0.7977545857429504, 0.7846507430076599, 0.8481171727180481, 0.849913477897644, 0.856586754322052, 0.9129629731178284, 0.7643217444419861, 0.9397217035293579, 0.4116098880767822, 0.8984977602958679, 0.9373862743377686, 0.8938192129135132, 0.6555296778678894, 0.953927218914032], [0.9332596659660339, 0.7800979614257812, 0.5829856395721436, 0.7696651220321655, 0.8689979910850525, 0.8716936707496643, 0.8042640686035156, 0.772320568561554, 0.9072751402854919, 0.7001444101333618, 0.9175428748130798, 0.8668408393859863, 0.9224462509155273, 0.9349251985549927, 0.9682074189186096, 0.9676120281219482, 0.9459793567657471, 0.9772099852561951, 0.8949170708656311, 0.17789100110530853, 0.8221620321273804, 0.7630993723869324, 0.5996837019920349, 0.5811883807182312, 0.9096483588218689, 0.890177309513092, 0.8539760112762451, 0.8553687334060669, 0.8767377734184265, 0.865077555179596, 0.9555468559265137, 0.8022814393043518, 0.7497146129608154, 0.7384284138679504, 0.8719635605812073, 0.7345994114875793, 0.6215068101882935, 0.790063202381134, 0.5806699395179749, 0.7934216856956482, 0.7929460406303406, 0.8441733717918396, 0.9452714323997498, 0.8419638872146606, 0.21855732798576355, 0.8896088004112244, 0.7537344098091125, 0.9044519066810608, 0.9157778024673462, 0.8097265362739563], [0.9393033981323242, 0.9988157749176025, 0.7340373396873474, 0.9354623556137085, 0.8813625574111938, 0.9525889754295349, 0.9137900471687317, 0.8069993257522583, 0.8514704704284668, 0.757226824760437, 0.9007070660591125, 0.9146924614906311, 0.7263275384902954, 0.9293254017829895, 0.9418341517448425, 0.8789845108985901, 0.1312102973461151, 0.9262844324111938, 0.8375123143196106, 0.7489069104194641, 0.9047865271568298, 0.5283342599868774, 0.8126933574676514, 0.6707218289375305, 0.9208446145057678, 0.8558196425437927, 0.9516286253929138, 0.7550274133682251, 0.8972775936126709, 0.9798598885536194, 0.9463068246841431, 0.6719633936882019, 0.8248136639595032, 0.8696051836013794, 0.9526419639587402, 0.9004195332527161, 0.8696553111076355, 0.7972810864448547, 0.9560339450836182, 0.9407035112380981, 0.7403923273086548, 0.9657343626022339, 0.9521371126174927, 0.9738327264785767, 0.8321511745452881, 0.913695752620697, 0.9119624495506287, 0.9122594594955444, 0.9221606850624084, 0.9066556096076965, 0.8901248574256897, 